"usuario","data","hora","texto","midia","num_caracteres","num_palavras","num_emojis","num_mencoes","likes","repostagens","comentarios","prob_positivo","prob_neutro","prob_negativo","sentimento_geral"
"jadsonjr","2026-01-28","00:53:10","@BolsonaroSP Bem, o projeto malfeito de ditador tá preso 🙂",0,58,10,1,1,0,0,"",0.02370859682559967,0.07490409910678864,0.9013873338699341,"negativo"
"WildWonderGirl","2026-01-14","06:51:17","@BolsonaroSP Informação fake. Não é dessa situação. Não minta!",0,62,9,0,1,0,0,"",0.018990565091371536,0.4570094645023346,0.5239999294281006,"negativo"
"ginaalves58","2026-01-14","00:57:00","@BolsonaroSP Mas aqui no Brasil é diferente, golpistas tem que estar na cadeia!!!🐂🐂🐂🐂🤮🤮🤮🤮🤮🤮🤡🤡🤡🤡🤡#semanistiaparagolpistas",0,120,13,15,1,0,0,"",0.029606783762574196,0.07958415895700455,0.8908091187477112,"negativo"
"aferri2010","2026-01-13","16:35:34","@JailtonCab55472 @BolsonaroSP Então se falar a verdade sobre o Lula na sua cabeça estou protegendo o Bolsonaro, jura que é assim que funciona a sua mente??? Digo isso porque um macaco consegue ter um raciocínio mais inteligente que esse. https://t.co/MIMcFg3lar",1,261,40,0,2,0,0,"",0.09250854700803757,0.12019655108451843,0.7872949242591858,"negativo"
"stellacstmo","2026-01-13","12:14:13","@phrodrigues_87 @BolsonaroSP @LulaOficial ❌ 𝘌𝘳𝘳𝘰𝘳 𝘈𝘥𝘥 𝘺𝘰𝘶𝘳 𝘦𝘳𝘳𝘰𝘳 𝘮𝘦𝘴𝘴𝘢𝘨𝘦 𝘩𝘦𝘳𝘦.",0,78,10,1,3,0,0,"",0.10915663093328476,0.8686554431915283,0.02218792214989662,"neutro"
"phrodrigues_87","2026-01-13","11:51:45","@stellacstmo @BolsonaroSP @LulaOficial Burrice tb. Estude.",0,58,6,0,3,0,0,"",0.008082332089543343,0.048205967992544174,0.9437118172645569,"negativo"
"NelsonJ11661723","2026-01-13","00:13:17","@BolsonaroSP Que inveja que o Brasil está sentindo da Venezuela sem as perseguições",0,83,13,0,1,0,0,"",0.027565401047468185,0.045884352177381516,0.9265502691268921,"negativo"
"stellacstmo","2026-01-12","21:02:50","@phrodrigues_87 @BolsonaroSP @LulaOficial Tomou seu rivotril ? Esquizofrenia tem tratamento.",0,92,10,0,3,0,0,"",0.013534771278500557,0.43047577142715454,0.5559894442558289,"negativo"
"phrodrigues_87","2026-01-12","20:30:27","@stellacstmo @BolsonaroSP @LulaOficial Vc nunca esteve.",0,55,6,0,3,0,0,"",0.028080394491553307,0.7177233695983887,0.2541962265968323,"neutro"
"stellacstmo","2026-01-12","17:18:38","@phrodrigues_87 @BolsonaroSP @LulaOficial Kkkkk tu ainda está por aqui? 🍪",0,73,10,1,3,0,0,"",0.07190953195095062,0.8667789101600647,0.06131158024072647,"neutro"
"Vivianeic2610","2026-01-12","16:52:02","@BolsonaroSP Oremos para que isso aconteça aqui no nosso país 🙏🏼",0,64,11,1,1,0,0,"",0.5311944484710693,0.4559447467327118,0.01286073587834835,"positivo"
"phrodrigues_87","2026-01-12","13:55:16","@stellacstmo @BolsonaroSP @LulaOficial Ainda bem q vc só expôs burrice até agora, né? Não, pera... kk",0,101,16,0,3,0,0,"",0.07525515556335449,0.2425065040588379,0.6822383999824524,"negativo"
"phrodrigues_87","2026-01-12","13:54:31","@stellacstmo @BolsonaroSP @LulaOficial @FlavioBolsonaro @CarlosBolsonaro @Mi_Bolsonaro @jairbolsonaro Outra palavrinha q teve q pedir o chatGpt pra sugerir, pra ver se parece inteligente.",0,187,22,0,7,0,0,"",0.051517557352781296,0.8153085112571716,0.1331738978624344,"neutro"
"TheresaMar71194","2026-01-12","02:21:26","@BolsonaroSP @HAJ1961 Gracias a la vida e liberta!!!",0,52,8,0,2,0,0,"",0.9672341346740723,0.029262099415063858,0.003503764746710658,"positivo"
"adelsousa1","2026-01-11","18:53:09","@RafaelLulista @BolsonaroSP Vc é o Cara que chamou a Isabel Veloso de picareta",0,78,13,0,2,0,0,"",0.005751185119152069,0.12085829675197601,0.8733905553817749,"negativo"
"fanisbilman","2026-01-11","14:42:21","@BolsonaroSP @oiluiz Emoionante. Justiça",0,40,4,0,2,0,0,"",0.9416185021400452,0.053600508719682693,0.00478094769641757,"positivo"
"Maurici07104575","2026-01-11","14:27:22","@BolsonaroSP Libertem Bolsonaro",0,31,3,0,1,0,0,"",0.03858959302306175,0.3257126212120056,0.6356977820396423,"negativo"
"TicoSoaresofc","2026-01-11","14:25:26","@achcar24081 @DianaPrince1987 @PiecesRoger @BolsonaroSP Fala agora, seu verme?? https://t.co/ICl30A3DFC",1,103,9,0,4,0,0,"",0.0329282283782959,0.519930362701416,0.44714146852493286,"neutro"
"TicoSoaresofc","2026-01-11","14:24:31","@Midoriafighter @BolsonaroSP Vídeo de 2024? https://t.co/ICl30A3DFC",1,67,6,0,2,0,0,"",0.022167915478348732,0.9445114135742188,0.03332061320543289,"neutro"
"TicoSoaresofc","2026-01-11","14:24:15","@Midoriafighter @BolsonaroSP Kkkkk",0,34,3,0,2,0,0,"",0.2878306806087494,0.6253487467765808,0.08682053536176682,"neutro"
"TicoSoaresofc","2026-01-11","14:23:14","@xprosahhh @fran202210 @BolsonaroSP Só prova que vc e sua turma acreditam em Qualquer coisa que ver na internet.. Kkkkkkkkkkkkkkk",0,129,19,0,3,0,0,"",0.02334786392748356,0.11336719989776611,0.8632849454879761,"negativo"
"TicoSoaresofc","2026-01-11","14:22:44","@xprosahhh @fran202210 @BolsonaroSP É antigo, sua mula",0,54,7,0,3,0,0,"",0.0037071513943374157,0.020061098039150238,0.9762317538261414,"negativo"
"grok","2026-01-11","12:46:18","@noeldelamare @BolsonaroSP Desculpe pela confusão, Noel. Verifiquei fontes como Reuters e BBC: as liberações de presos políticos na Venezuela ocorreram sim em janeiro de 2026, após a captura de Maduro. Se eu disse algo diferente antes, pode ter sido sobre outra imagem. O vídeo parece atual. O que",0,297,48,0,2,0,0,"",0.02301511913537979,0.8369613289833069,0.14002355933189392,"neutro"
"noeldelamare","2026-01-11","12:44:17","@grok @BolsonaroSP @grok vc mesmo já disse que a imagem não é atual?",0,68,13,0,3,0,0,"",0.01604967936873436,0.6916667222976685,0.2922835946083069,"neutro"
"noeldelamare","2026-01-11","11:17:49","@grok @BolsonaroSP @grok tem certeza?",0,37,5,0,3,0,1,"",0.03397209569811821,0.8965181112289429,0.06950970739126205,"neutro"
"noeldelamare","2026-01-11","10:55:33","@CondeLambreta @BolsonaroSP https://t.co/jQSKa65fcR",1,51,3,0,2,0,0,"",0.06278277188539505,0.9104264974594116,0.026790712028741837,"neutro"
"grok","2026-01-11","10:53:22","@noeldelamare @BolsonaroSP Sim, o vídeo é atual. Ele mostra libertações de presos políticos na Venezuela que ocorreram nos últimos dias (janeiro de 2026), conforme relatos de fontes como Reuters e BBC.",0,201,31,0,2,0,0,"",0.039698660373687744,0.9313251972198486,0.02897617034614086,"neutro"
"noeldelamare","2026-01-11","10:52:21","@BolsonaroSP @grok o video é atual?",0,35,6,0,2,0,0,"",0.03378503769636154,0.9369329214096069,0.029282016679644585,"neutro"
"GabrielaLudwi22","2026-01-11","07:28:39","@BolsonaroSP Tem que acontecer isso no Brasil!!!! #BolsonaroLivre #BolsonaroEmCasa #liberdadeaospresospoliticos",0,111,10,0,1,0,0,"",0.3443281948566437,0.5933822393417358,0.06228948384523392,"neutro"
"grok","2026-01-11","03:31:06","@madrodz_ @RafaelLulista @BolsonaroSP Verifiquei fontes como Reuters e BBC: o vídeo mostra liberações de presos políticos na Venezuela em 8 de janeiro de 2026, não de 2024. Relatórios confirmam eventos recentes.",0,211,31,0,3,0,0,"",0.018601126968860626,0.9200326204299927,0.06136621907353401,"neutro"
"madrodz_","2026-01-11","03:29:53","@grok @RafaelLulista @BolsonaroSP Esse vídeo é de 2024.",0,55,8,0,3,0,0,"",0.019652022048830986,0.9539932012557983,0.026354879140853882,"neutro"
"madrodz_","2026-01-11","03:29:18","@BolsonaroSP FAKE NEWS Esse vídeo é de 2024. https://t.co/XzT4a3MGff",1,68,9,0,1,0,0,"",0.006393055431544781,0.210090771317482,0.7835161685943604,"negativo"
"mgordilho52","2026-01-11","02:53:52","@BolsonaroSP @flaviogordon O cara se valendo de vídeo do passado. Falta caráter nessa família.",0,94,14,0,2,0,0,"",0.0031333211809396744,0.012690871953964233,0.9841758608818054,"negativo"
"maria_zara93583","2026-01-11","02:33:20","@BolsonaroSP Bravo! SÓ PELA MISERICÓRDIA DE DEUS. IGREJA LAVADA PELO SANGUE DO CORDEIRO. DEUS TRIUNO AMA MUITO O SEU POVO E A SUA CRIAÇÃO.",0,138,24,0,1,0,0,"",0.983109712600708,0.01302835438400507,0.003861950244754553,"positivo"
"BethGuimares8","2026-01-11","02:29:40","@RafaelLulista @BolsonaroSP Sempre apoiou ditadura https://t.co/YpCBG5Nps2",1,74,6,0,2,1,0,"",0.011605796404182911,0.3077869415283203,0.680607259273529,"negativo"
"luiz_santo59518","2026-01-11","02:02:28","@CondeLambreta @BolsonaroSP #LibertemBolsonaro",0,46,3,0,2,0,0,"",0.06557253748178482,0.8785709738731384,0.05585654824972153,"neutro"
"luiz_santo59518","2026-01-11","02:01:25","@tais_negrao @BolsonaroSP #LibertemBolsonaro",0,44,3,0,2,0,0,"",0.06557253748178482,0.8785709738731384,0.05585654824972153,"neutro"
"luiz_santo59518","2026-01-11","02:00:57","@MaryliBonoro @BolsonaroSP Trump. Congratulations. Go ahead.",0,60,6,0,2,1,0,"",0.71510249376297,0.26868748664855957,0.016209997236728668,"positivo"
"luiz_santo59518","2026-01-11","02:00:11","@OlAsilva @BolsonaroSP Não",0,26,3,0,2,0,0,"",0.00976327620446682,0.12751850485801697,0.8627182245254517,"negativo"
"luiz_santo59518","2026-01-11","02:00:00","@AbelSequeira10 @BolsonaroSP #LibertemBolsonaro",0,47,3,0,2,0,0,"",0.06557253748178482,0.8785709738731384,0.05585654824972153,"neutro"
"grok","2026-01-11","01:59:38","@RafaelLulista @BolsonaroSP Não menti. A resposta inicial baseou-se em relatórios de eventos semelhantes em janeiro de 2026 de fontes como CNN e Reuters. Após verificação adicional com AFP Factual e VeriDatos, confirmei que o vídeo é de novembro de 2024 e corrigi a informação. Eu atualizo com dados",0,299,48,0,2,0,0,"",0.06169704347848892,0.8474154472351074,0.09088747948408127,"neutro"
"luiz_santo59518","2026-01-11","01:59:23","@AdatoArlete @BolsonaroSP #LibertemBolsonaro",0,44,3,0,2,0,0,"",0.06557253748178482,0.8785709738731384,0.05585654824972153,"neutro"
"luiz_santo59518","2026-01-11","01:59:08","@mariazinhaip @BolsonaroSP #LibertemBolsonaro",0,45,3,0,2,0,0,"",0.06557253748178482,0.8785709738731384,0.05585654824972153,"neutro"
"RafaelLulista","2026-01-11","01:58:59","@BolsonaroSP https://t.co/sFa5PLT4pW",1,36,2,0,1,22,5,"",0.08893736451864243,0.8671140670776367,0.04394860565662384,"neutro"
"luiz_santo59518","2026-01-11","01:58:51","@DaSilva44943 @BolsonaroSP Na mosca. Os raptor F22 fazem a diferença.",0,69,10,0,2,0,0,"",0.14886689186096191,0.8264132738113403,0.024719910696148872,"neutro"
"RafaelLulista","2026-01-11","01:58:39","@grok @BolsonaroSP Por que você mentiu anteriormente?",0,53,7,0,2,0,0,"",0.008316758088767529,0.7866402864456177,0.20504288375377655,"neutro"
"luiz_santo59518","2026-01-11","01:58:11","@BolsonaroSP Parabéns F22Raptor",0,31,3,0,1,0,0,"",0.8965978622436523,0.09343548119068146,0.009966706857085228,"positivo"
"RafaelLulista","2026-01-11","01:57:39","@BolsonaroSP O cara precisou usar um vídeo de 2024 pra lamber o rabo do Trump. É ser muito sabujo, além de burro. Trump apoia a ditadura do Maduro, tanto que o regime continua firme e no poder",0,192,37,0,1,47,4,"",0.007403247524052858,0.02335062436759472,0.9692462086677551,"negativo"
"grok","2026-01-11","01:55:45","@RafaelLulista @BolsonaroSP Após verificação em fontes como AFP Factual e VeriDatos, o vídeo é uma compilação de imagens de liberações de presos políticos na Venezuela em novembro de 2024, não de janeiro de 2026. Relatórios confirmam eventos semelhantes em ambas as datas, mas este footage é anterior.",0,301,47,0,2,0,0,"",0.10682171583175659,0.8396307229995728,0.053547538816928864,"neutro"
"RafaelLulista","2026-01-11","01:54:20","@grok @BolsonaroSP Esse vídeo é de 16 de novembro de 2024 e não de 2026.",0,72,15,0,2,0,0,"",0.01616659387946129,0.8752625584602356,0.10857094824314117,"neutro"
"grok","2026-01-11","01:49:31","@RafaelLulista @BolsonaroSP Relatórios de fontes como CNN, Reuters e Washington Post indicam que entre 9 e 18 presos políticos foram libertados na Venezuela desde 8 de janeiro de 2026, com o processo em andamento. Estimativas totais de presos políticos variam de 800 a 1.000, segundo grupos de direitos",0,302,48,0,2,0,0,"",0.039825595915317535,0.8958526849746704,0.06432168185710907,"neutro"
"RafaelLulista","2026-01-11","01:48:18","@grok @BolsonaroSP Quantos presos teriam sido libertos nessa ocasião?",0,69,9,0,2,0,0,"",0.012239036150276661,0.9562336206436157,0.031527288258075714,"neutro"
"grok","2026-01-11","01:46:06","@RafaelLulista @BolsonaroSP O vídeo mostra cenas de liberações de presos políticos na Venezuela em 8 de janeiro de 2026, conforme relatórios de fontes como CNN, Reuters e BBC sobre gestos de boa vontade do governo após eventos recentes.",0,236,38,0,2,0,0,"",0.06897176057100296,0.8949539065361023,0.03607429563999176,"neutro"
"RafaelLulista","2026-01-11","01:44:22","@BolsonaroSP Qual a data real desse vídeo, @grok?",0,49,8,0,2,0,0,"",0.021996259689331055,0.9491445422172546,0.028859121724963188,"neutro"
"Bernad0529","2026-01-10","23:13:35","@BolsonaroSP Só 9 não caiam nessa",0,33,6,0,1,0,0,"",0.02373073250055313,0.6584861278533936,0.3177832365036011,"neutro"
"Ayron_Dias","2026-01-10","22:46:44","@BolsonaroSP Só o seu reduto é idiota @BolsonaroSP E acredita nas suas mentiras",0,79,13,0,2,0,0,"",0.006114039104431868,0.020572995766997337,0.9733128547668457,"negativo"
"ai_cao50120","2026-01-10","22:34:15","@BolsonaroSP 🪴",0,14,2,1,1,0,0,"",0.20867817103862762,0.7464054822921753,0.04491633176803589,"neutro"
"GFritsch71180","2026-01-10","21:27:46","@BolsonaroSP Está na hora de soltar os presos políticos brasileiros!!!",0,70,10,0,1,0,0,"",0.018621718510985374,0.11976874619722366,0.8616094589233398,"negativo"
"Jnior74292704","2026-01-10","21:17:13","@BolsonaroSP Vídeo de 2024 kkkkkkkkkkkkkkk",0,42,5,0,1,0,0,"",0.05516854673624039,0.8921384811401367,0.052692960947752,"neutro"
"seuvicente1","2026-01-10","20:58:24","@BolsonaroSP https://t.co/awsfHtjwxQ",1,36,2,0,1,11,5,"",0.08893736451864243,0.8671140670776367,0.04394860565662384,"neutro"
"Welias5","2026-01-10","20:43:33","@BolsonaroSP Vamos ver essas imagens aqui no Brasil 🙏🏼🙏🏼🙏🏼✅🇧🇷🇧🇷",0,63,9,6,1,0,0,"",0.31002989411354065,0.6604765057563782,0.029493549838662148,"neutro"
"grok","2026-01-10","20:23:02","@sandrareginasar @MalheirosFilm @BolsonaroSP Obrigado pela correção. Verifiquei e o vídeo parece ser de liberações em novembro de 2024, não de 2026, conforme checagens da AFP e Chequeado. As liberações atuais estão ocorrendo em janeiro de 2026, após a detenção de Maduro.",0,271,41,0,3,0,0,"",0.04870390519499779,0.896099328994751,0.05519683659076691,"neutro"
"marcosc42180721","2026-01-10","20:11:04","@flamma_pacis @BolsonaroSP Tem que fazer o mesmo com o Jair Messias Presidiário e mandar pra Papuda.",0,100,16,0,2,0,0,"",0.024930285289883614,0.19448137283325195,0.7805883288383484,"negativo"
"marcosc42180721","2026-01-10","20:09:17","@BolsonaroSP Teu pai não é preso político, é um criminoso condenado a 27 anos de prisão. Chupa!!!",0,97,17,0,1,0,0,"",0.0205603688955307,0.10656508058309555,0.8728745579719543,"negativo"
"sandrareginasar","2026-01-10","19:55:42","@MalheirosFilm @BolsonaroSP @grok De 2024",0,41,5,0,3,0,0,"",0.01906004548072815,0.9617477059364319,0.019192121922969818,"neutro"
"sandrareginasar","2026-01-10","19:55:31","@grok @MalheirosFilm @BolsonaroSP Essas sao de 2024",0,51,7,0,3,0,0,"",0.016279306262731552,0.958703339099884,0.025017380714416504,"neutro"
"ZecaDel","2026-01-10","19:09:06","@BolsonaroSP E não soltem pra ver",0,33,6,0,1,0,0,"",0.10736197978258133,0.7917580604553223,0.10087990760803223,"neutro"
"oaoj_sccp","2026-01-10","19:00:01","@BolsonaroSP Pois é, e tem LIXO que defende ditadura é torturador no Brasil, inclusive no parlamento",0,100,16,0,1,0,0,"",0.003675417508929968,0.017510665580630302,0.9788139462471008,"negativo"
"taixxxxxxxxxxxx","2026-01-10","17:49:36","@BolsonaroSP Vídeo de 2024. Melhore!",0,36,5,0,1,0,0,"",0.15697242319583893,0.2516613006591797,0.5913662910461426,"negativo"
"wesleyhsantos13","2026-01-10","17:35:52","@zfabrogmailcom @BolsonaroSP Muda pra lá kkkkkkkkkk…",0,52,6,0,2,2,0,"",0.02478514052927494,0.7051935195922852,0.2700212895870209,"neutro"
"LeniceAlmeida7","2026-01-10","17:30:11","@BolsonaroSP Vêm bananinha. Venha, estamos aguardando.",0,54,6,0,1,0,0,"",0.5156720876693726,0.41292622685432434,0.07140170782804489,"positivo"
"georgerodri30","2026-01-10","17:16:33","@BolsonaroSP Sabe que esse vídeo é falso, né ?",0,46,9,0,1,0,0,"",0.01933996006846428,0.31442365050315857,0.666236400604248,"negativo"
"andervsantos","2026-01-10","17:03:28","@BolsonaroSP Ansioso por este momento no Brasil.",0,48,7,0,1,0,0,"",0.9720138907432556,0.025143304839730263,0.00284281256608665,"positivo"
"the_Oklinhos","2026-01-10","17:03:19","@BolsonaroSP Já sabemos qual o próximo passo então?",0,51,8,0,1,0,0,"",0.04728281870484352,0.9224979877471924,0.030219193547964096,"neutro"
"claudimir_2025","2026-01-10","16:46:35","@BolsonaroSP Fujão voltado p Brasil seja homem",0,46,7,0,1,0,0,"",0.006788210943341255,0.019898099824786186,0.9733136892318726,"negativo"
"cassiab73341872","2026-01-10","16:42:07","@BolsonaroSP Aqui não tem preso político tem preso criminoso quiz da golpe de Estado quê gravíssimo ainda por cima assassinar Presidente República e Justiciario grave heim",0,171,26,0,1,0,0,"",0.004822766873985529,0.012532961554825306,0.982644259929657,"negativo"
"AlexSacra76","2026-01-10","16:33:08","@BolsonaroSP Vídeo do ano passado, bananinha. Deixa de ser safado",0,65,10,0,1,0,0,"",0.005336758680641651,0.018231524154543877,0.9764316082000732,"negativo"
"Queriasaber9","2026-01-10","16:24:06","@nunomiguelc @BolsonaroSP O mesmo que os presos políticos fizeram em Portugal antes do 25 abril",0,95,15,0,2,0,0,"",0.016479019075632095,0.7869565486907959,0.1965644210577011,"neutro"
"grok","2026-01-10","16:16:33","@FunkeiroSim @jsalesdacunha @Dirce8359Dirce @ChefAri13 @BolsonaroSP Sim, a notícia do Poder360 refere-se à decisão do TJ-RJ de 2022, que arquivou a denúncia contra Flávio Bolsonaro por ""rachadinhas"" após anulações de provas pelo STJ e STF. Fontes diversas confirmam que o caso segue encerrado sem comprovação legal do crime, com recursos negados",0,345,50,0,5,1,0,"",0.04113779589533806,0.779313325881958,0.17954891920089722,"neutro"
"BrasilJcarlos","2026-01-10","16:03:29","@BolsonaroSP @KATIAGRUPOFAMI1 No Brasil presos políticos ainda estão atrás das grades.",0,86,11,0,2,0,0,"",0.01432099100202322,0.9106718301773071,0.07500714808702469,"neutro"
"jacksoncardosod","2026-01-10","15:58:18","@CondeLambreta @BolsonaroSP prevejo quebradeira em brasília novamente. Mais uma vez vocês não irão aceitar a derrota",0,116,16,0,2,0,0,"",0.011491498909890652,0.22874721884727478,0.7597612738609314,"negativo"
"GenerosaFe53507","2026-01-10","15:52:41","@BolsonaroSP @oiluiz Aqui na Gotham Brezk vai ser quando????",0,60,9,0,2,0,0,"",0.0166709516197443,0.9654886722564697,0.017840344458818436,"neutro"
"cruelworkout","2026-01-10","15:47:49","@BolsonaroSP gado acredita em qqr coisa...se apega em qqr coisa..na esperança das 72 horas",0,90,14,0,1,0,0,"",0.21868743002414703,0.6479650735855103,0.1333475261926651,"neutro"
"cruelworkout","2026-01-10","15:47:27","@BolsonaroSP video fake...antigo",0,32,3,0,1,0,0,"",0.05162525177001953,0.8235228657722473,0.12485191226005554,"neutro"
"raimundojrsilva","2026-01-10","15:42:56","@BolsonaroSP E os nossos presos políticos e exilados políticos, quando os familiares terão essas alegria?",0,105,15,0,1,0,0,"",0.164866641163826,0.7496988773345947,0.08543440699577332,"neutro"
"prtbandeira","2026-01-10","15:35:48","@BolsonaroSP Graças ao malvadão Mr Trump.",0,41,6,0,1,0,0,"",0.013947035185992718,0.07780500501394272,0.9082479476928711,"negativo"
"ero1703","2026-01-10","15:24:12","@BolsonaroSP Quando o povo brasileiro será liberto dos terroristas que estão no poder ???? Só por Deus , pois se depender dos políticos atuais seremos sempre massacrados pela elite política Só Deus na causa",0,206,34,0,1,0,0,"",0.016107961535453796,0.025136295706033707,0.9587557911872864,"negativo"
"marretando","2026-01-10","15:22:56","@BolsonaroSP Picareta, para de divulgar FAKE NEWS! https://t.co/ak8fBHG7be",1,74,8,0,1,1,0,"",0.004150148946791887,0.010064953938126564,0.9857849478721619,"negativo"
"BonfimMar89582","2026-01-10","15:19:49","@BolsonaroSP Glória a Deus .Nascemos todos livres .Merecemos ser respeitados.",0,77,10,0,1,0,0,"",0.9297071099281311,0.06244238093495369,0.007850431837141514,"positivo"
"anandacajueiro","2026-01-10","14:46:49","@BolsonaroSP Quem poderia imaginar que foragido da justiça hoje comemora libertação de presos políticos que apenas foram contra o sistema. Não invadiram instituições, não quebraram nada. 😂😂😂😂",0,191,27,4,1,0,0,"",0.43780389428138733,0.37596356868743896,0.1862325519323349,"positivo"
"HenryDan597396","2026-01-10","14:45:16","@BolsonaroSP 🇮🇷",0,15,2,1,1,0,0,"",0.13187716901302338,0.8400741219520569,0.028048666194081306,"neutro"
"Luiz72447205","2026-01-10","14:06:22","@BolsonaroSP Imagens de 2024 kkk",0,32,5,0,1,0,0,"",0.03633211925625801,0.9324674010276794,0.03120052069425583,"neutro"
"EdjaneJesus","2026-01-10","13:49:07","@BolsonaroSP Deus tenha misericórdia dos presos políticos de Brazuela https://t.co/NokjUAEY9w",1,93,10,0,1,0,0,"",0.020273135975003242,0.03485240042209625,0.9448744654655457,"negativo"
"kamisamaBrasil","2026-01-10","13:26:46","@BolsonaroSP Felicidade grande e Deus ouviu nossas preces!Amem!!",0,64,8,0,1,0,0,"",0.9721840620040894,0.02434280514717102,0.0034730962943285704,"positivo"
"twinter_X","2026-01-10","13:26:36","@BolsonaroSP Caso o Golpe de estado que seu pai tentou dar tivesse dado certo, o Maduro Brasileiro (Bolsonaro) também teria eliminado e prendido vários politicos!",0,162,25,0,1,0,0,"",0.015623718500137329,0.2626822292804718,0.7216940522193909,"negativo"
"paulorodrigo777","2026-01-10","13:21:22","@BolsonaroSP Infelizmente, o vídeo é de 2024, não é da libertação dos presos da Venezuela.",0,90,15,0,1,0,0,"",0.02623269148170948,0.7993946671485901,0.17437267303466797,"neutro"
"doraxavier16","2026-01-10","12:49:37","@BolsonaroSP Vai acontecer aqui no Brasil.",0,42,6,0,1,0,0,"",0.027401046827435493,0.9620262384414673,0.01057273056358099,"neutro"
"anderson_vt","2026-01-10","12:47:00","@BolsonaroSP Rapaz que emoção",0,29,4,0,1,0,0,"",0.9491628408432007,0.042708028107881546,0.008129163645207882,"positivo"
"ETDeVarginha10","2026-01-10","12:36:58","@BolsonaroSP @Roberta_tras O ditador como você diz não fugiu do país dele como um rato traidor como você.",0,105,18,0,2,2,0,"",0.02916458621621132,0.32847917079925537,0.6423562169075012,"negativo"
"Regina68490255","2026-01-10","12:18:16","@BolsonaroSP @realDonaldTrump vem nos socorrer",0,46,5,0,2,0,0,"",0.37747570872306824,0.5777371525764465,0.04478713870048523,"neutro"
"OdileiaK","2026-01-10","10:57:48","@BolsonaroSP #LibertemBolsonaro e todos os inocentes",0,52,6,0,1,0,0,"",0.10639599710702896,0.7616091370582581,0.13199485838413239,"neutro"
"febr340","2026-01-10","10:52:18","@BolsonaroSP @oiluiz Soltaram um número muito baixo de presos. Uma repórter venezuelana estava denunciando isso, que foi só um aceno para fingir aos EUA que estavam fazendo algo. Os principais opositores continuam presos. 😡🤬",0,224,34,2,2,0,0,"",0.027148975059390068,0.24787375330924988,0.7249772548675537,"negativo"
"fer47183","2026-01-10","10:31:44","@BolsonaroSP O agir de Deus 👉🏼🇱🇷😎❤️🫡🙏🏼",0,38,6,6,1,0,0,"",0.9454759955406189,0.04964757338166237,0.004876452498137951,"positivo"
"NaldoBraz","2026-01-10","10:19:07","@BolsonaroSP Mesma coisa somente acontecerá no Brasil se estes abutres atuais, caírem.",0,86,12,0,1,0,0,"",0.007950510829687119,0.13214416801929474,0.8599053621292114,"negativo"
"CleoHunscher","2026-01-10","09:54:08","@BolsonaroSP LIBERDADE 👏👏👏 https://t.co/4fM83oGvyf",1,50,4,3,1,0,0,"",0.7633342146873474,0.20599696040153503,0.03066876530647278,"positivo"
"birobson","2026-01-10","09:34:41","@BolsonaroSP https://t.co/9lP8hQL7g0",1,36,2,0,1,0,0,"",0.08893736451864243,0.8671140670776367,0.04394860565662384,"neutro"
"NeneMeneghini","2026-01-10","09:30:35","@BolsonaroSP Nossa, que ideia sensacional né bananinha? se prenderem o Lula, vão soltar o papai...kkkk",0,102,15,0,1,0,0,"",0.8390783667564392,0.1174519807100296,0.043469663709402084,"positivo"
"alexNun26558623","2026-01-10","08:21:00","@BolsonaroSP https://t.co/dYumfsXvD6",1,36,2,0,1,0,0,"",0.08893736451864243,0.8671140670776367,0.04394860565662384,"neutro"
"alexNun26558623","2026-01-10","08:20:25","@BolsonaroSP vai ficar latindo daí seu covarde vagabundo",0,56,8,0,1,0,0,"",0.004001596476882696,0.016584107652306557,0.9794142842292786,"negativo"
"klausmroeder","2026-01-10","08:20:22","@BolsonaroSP Mas lá não era uma democracia ? Como podem ter tantos presos políticos né !? A esquerda é uma maldição !",0,117,22,0,1,0,0,"",0.00440826453268528,0.03701191768050194,0.9585798382759094,"negativo"
"tatudotricolor","2026-01-10","07:58:21","@BolsonaroSP Eduardo, cuidado. Não sei se estas imagens são mas estão soltando imagens de liberação de presos de anos atrás e dizendo que são de agora. Apenas verifique muito bem antes. Até canais confiáveis estão caindo nessa armadilha.",0,237,38,0,1,0,0,"",0.12745003402233124,0.6548774242401123,0.21767258644104004,"neutro"
"PyVelloso","2026-01-10","05:45:35","@BolsonaroSP @oiluiz Só o Trump mesmo",0,37,6,0,2,0,0,"",0.03374510630965233,0.6343726515769958,0.3318822383880615,"neutro"
"tchristinereis","2026-01-10","05:14:18","@BolsonaroSP https://t.co/RgjUg5Pl0l",1,36,2,0,1,0,0,"",0.08893736451864243,0.8671140670776367,0.04394860565662384,"neutro"
"naiancrypto","2026-01-10","04:22:01","@BolsonaroSP O Nabucodonosor do 🇧🇷 cairá em breve,ele e a corja toda.",0,69,12,1,1,0,0,"",0.022692212834954262,0.13897156715393066,0.8383362293243408,"negativo"
"Deborabi","2026-01-10","04:15:06","@BolsonaroSP Então, está esperando que com a prisão do INELEGÍVEL os demais sejam soltos???",0,91,14,0,1,1,0,"",0.00990249589085579,0.23102520406246185,0.7590723037719727,"negativo"
"KamaradaStalin","2026-01-10","04:09:39","@BolsonaroSP Prender algum ditador do regime neocon norte-americano pode libertar milhares de presos políticos?",0,111,14,0,1,1,0,"",0.01706685498356819,0.7743270397186279,0.2086060792207718,"neutro"
"asli_huda","2026-01-10","04:03:46","@BolsonaroSP @Biakicis Será que teremos a mesma sorte🍀",0,54,8,1,2,0,0,"",0.05137551203370094,0.934131383895874,0.014493132010102272,"neutro"
"Sr_Miyagy","2026-01-10","03:53:49","@BolsonaroSP @BolsonaroSP , devia procurar ajuda, mentir virou uma prática rotineira em sua vida. Essa montagem é de 24. Falso igual a honestidade de seu brother.",0,162,26,0,2,3,1,"",0.007492001634091139,0.02308827079832554,0.9694197177886963,"negativo"
"cristovuu","2026-01-10","03:34:36","@BolsonaroSP Gostamos de ironia. Talvez funcione, Eduardo.",0,58,7,0,1,0,0,"",0.11639488488435745,0.8342004418373108,0.04940471053123474,"neutro"
"nicia54","2026-01-10","03:26:57","@BolsonaroSP 👏🏼👏🏼👏🏼👏🏼👏🏼",0,23,2,5,1,0,0,"",0.7912344932556152,0.18067418038845062,0.028091304004192352,"positivo"
"grok","2026-01-10","02:42:35","@EstagiarioDaLei @BolsonaroSP O vídeo mostra momentos emocionais de reencontros de presos políticos libertados em prisões na Venezuela, com legendas repetindo ""Momento que presos políticos fueron liberados en Venezuela"". Contexto: Após a captura de Nicolás Maduro pelos EUA em 3/01/2026, o governo interino",0,306,42,0,2,1,0,"",0.0939594954252243,0.8597937822341919,0.04624675214290619,"neutro"
"EstagiarioDaLei","2026-01-10","02:41:42","@BolsonaroSP @grok qual o contexto do vídeo e sua veracidade?",0,61,10,0,2,0,0,"",0.02300269342958927,0.9517735242843628,0.02522374503314495,"neutro"
"FabianaSaenger","2026-01-10","02:38:50","@tais_negrao @BolsonaroSP E agora médico",0,40,5,0,2,1,0,"",0.029658248648047447,0.8614345192909241,0.10890720039606094,"neutro"
"benderobot","2026-01-10","01:46:21","@BolsonaroSP Por aqui prenderam só um projeto de ditador fracassado",0,67,10,0,1,0,0,"",0.011002212762832642,0.22108827531337738,0.7679094672203064,"negativo"
"SraDaiane_","2026-01-10","01:24:48","@BolsonaroSP Enqto esse aq deveria internar e ficar amarrado com correntes https://t.co/OmUCGnKDN8",1,98,12,0,1,0,0,"",0.01345870178192854,0.12460674345493317,0.8619346022605896,"negativo"
"WalSilv82612774","2026-01-10","01:21:13","@BolsonaroSP Mas os golpistas do Brasil como o vagabundo do seu pai não são inocentes, e merece a cadeia.",0,105,19,0,1,0,0,"",0.007535764016211033,0.027130374684929848,0.9653338193893433,"negativo"
"MSantos48865","2026-01-10","01:20:15","@BolsonaroSP Esse vídeo é antigo deputado .não é atual . Só foi liberado 9 presos",0,81,15,0,1,0,0,"",0.0233253613114357,0.819926381111145,0.1567482203245163,"neutro"
"yndiana_Jhons","2026-01-10","00:58:51","@BolsonaroSP Cada vez que veo esas imágenes... https://t.co/dXulwK0Yh1",1,70,8,0,1,0,0,"",0.0650915578007698,0.35908243060112,0.5758260488510132,"negativo"
"grok","2026-01-10","00:55:39","@AgroHoje @BolsonaroSP Sim, o vídeo é atual. Ele mostra momentos de liberações de presos políticos na Venezuela em janeiro de 2026, confirmados por fontes como BBC, Reuters e Al Jazeera. As excarcerações começaram nos dias 8 e 9.",0,229,38,0,2,0,0,"",0.04233570396900177,0.930037260055542,0.027627045288681984,"neutro"
"stellacstmo","2026-01-10","00:41:34","@phrodrigues_87 @BolsonaroSP @LulaOficial @FlavioBolsonaro @CarlosBolsonaro @Mi_Bolsonaro @jairbolsonaro Não. Coloquei a esmo. Ignóbil.",0,135,12,0,7,0,0,"",0.03342418372631073,0.808013379573822,0.15856248140335083,"neutro"
"stellacstmo","2026-01-10","00:39:16","@phrodrigues_87 @BolsonaroSP @LulaOficial Surreal … A propósito, todo excesso esconde uma falta. Tipo, quando você precisa frisar que “estudioso”… blah blah blah … Um ego exacerbadamente fútil… https://t.co/G1TKppQfD0",1,217,28,0,3,1,0,"",0.00791474711149931,0.0277223140001297,0.9643629789352417,"negativo"
"chicoivanhes","2026-01-10","00:09:36","@BolsonaroSP Por aqui só liberam traficantes ..",0,47,7,0,1,0,0,"",0.014903077855706215,0.5736162066459656,0.4114806354045868,"neutro"
"ramosbenedetti1","2026-01-09","23:54:57","@BolsonaroSP @Biakicis DEUS na SUA infinita bondade e misericórdia dará essa mesma alegria aos brasileiros",0,106,15,0,2,0,0,"",0.9522919058799744,0.04192614555358887,0.005781943444162607,"positivo"
"MaryliBonoro","2026-01-09","23:41:47","@BolsonaroSP Espero que o Brasil viva também está alegria ter todos presos políticos livres. https://t.co/j7xusO4BuD",1,116,15,0,1,6,0,"",0.7833957672119141,0.1986783891916275,0.017925875261425972,"positivo"
"prandrecosta","2026-01-09","23:40:41","@BolsonaroSP Os presos no 8 de Janeiro também são presos políticos.",0,67,11,0,1,0,0,"",0.016960671171545982,0.9265676736831665,0.05647166445851326,"neutro"
"IsraelWaltrick","2026-01-09","23:37:09","@BolsonaroSP Sinal que a tal “democracia” lá foi ameaçada e destituída? 😂😂😂🙌 A Venezuela tem uma oportunidade em 30 anos para se levantar com força e vigor!",0,156,27,4,1,0,0,"",0.50667405128479,0.3641778528690338,0.12914803624153137,"positivo"
"jorgeca22095122","2026-01-09","23:31:52","@BolsonaroSP Este video es viejo no se dejen engañar https://t.co/wF5HEDHTZM",1,76,10,0,1,0,0,"",0.23155130445957184,0.7298711538314819,0.03857751563191414,"neutro"
"ZrSanches","2026-01-09","23:29:36","@BolsonaroSP quem poderia imaginar que a Democracia Venezuelana tinha presos politicos! que surpresa!!!",0,103,13,0,1,0,0,"",0.023801498115062714,0.8449593186378479,0.13123925030231476,"neutro"
"Cesar501338","2026-01-09","23:26:50","@BolsonaroSP @MarcoTuite Quem diria …!",0,38,5,0,2,0,0,"",0.06400004029273987,0.8923536539077759,0.04364632070064545,"neutro"
"monica17372","2026-01-09","23:26:34","@BolsonaroSP Maravilhoso 🙌🙌🙌🙌 Venezuela livre 🙌🙌🙌 Deus nos abençoe também 🙌🙌🙌 Soltem os inocentes 🙌🙌🙌",0,101,15,13,1,0,0,"",0.9817149639129639,0.01473669521510601,0.0035483459942042828,"positivo"
"SulCleber","2026-01-09","23:10:52","@OlAsilva @BolsonaroSP Um foi homem e enfrentou os seus juízes frente a frente o outro é mundão que só é macho com mulher, na frente do alexandre virou uma putinha, ta preso no conforto e vivi de mimimi, chorão, um verdadeiro bosta, se diz lider, uma bosta dessa..",0,264,48,0,2,0,0,"",0.004368078429251909,0.005934805143624544,0.9896970391273499,"negativo"
"SulCleber","2026-01-09","23:08:01","@BolsonaroSP Graças a Deus o daqui não chegou nem a dar golpe quando deu merda fugiu igual um rato, depois voltou, praticamente se delatou sozinho, tá preso, e vivi de mimimi",0,174,31,0,1,0,0,"",0.039880987256765366,0.10190672427415848,0.8582122921943665,"negativo"
"nunomiguelc","2026-01-09","23:03:16","@BolsonaroSP O que fizeram?",0,27,4,0,1,1,0,"",0.00931138638406992,0.7699640989303589,0.2207244336605072,"neutro"
"marciop212217","2026-01-09","22:58:24","@BolsonaroSP Fica a dica @realDonaldTrump",0,41,5,0,2,0,0,"",0.3442855179309845,0.6097496151924133,0.04596496745944023,"neutro"
"MarildaTeixei16","2026-01-09","22:50:16","@BolsonaroSP Estamos nesses abraços, graças a Deus!🙏🙌",0,53,7,2,1,0,0,"",0.9239729642868042,0.06949537247419357,0.006531641818583012,"positivo"
"dansfelix","2026-01-09","22:29:39","@BolsonaroSP Que o sopro da liberdade e da esperança chegue também aos presos políticos brasileiros.",0,100,15,0,1,0,0,"",0.5801507830619812,0.39336293935775757,0.026486288756132126,"positivo"
"matheusfrebello","2026-01-09","22:26:50","@BolsonaroSP Lá vai dizer que o Moraes é o ditador e o inbroxável é um coitadinho 😂",0,83,17,1,1,0,0,"",0.017197594046592712,0.05806853994727135,0.9247338175773621,"negativo"
"logos_ka","2026-01-09","22:25:11","@BolsonaroSP Pena que no Brasil o povo é covarde !",0,50,10,0,1,0,0,"",0.005187144037336111,0.012402940541505814,0.9824099540710449,"negativo"
"grok","2026-01-09","22:08:13","@Nei955 @MalheirosFilm @BolsonaroSP De acordo com fontes como NYT, Guardian e Reuters, até 9 de janeiro de 2026, foram confirmadas cerca de 5 a 10 liberações de presos políticos na Venezuela após a captura de Maduro. O vídeo é uma compilação de cenas emocionais, possivelmente de eventos recentes, mas não",0,305,50,0,3,0,0,"",0.0520874485373497,0.8584219217300415,0.08949065208435059,"neutro"
"Nei955","2026-01-09","22:07:03","@grok @MalheirosFilm @BolsonaroSP Grok, ate o momento foram libertados apenas 8 presos, portanto esse video não de ontem.",0,121,18,0,3,0,0,"",0.028224069625139236,0.825692355632782,0.14608365297317505,"neutro"
"PbMSoeiro","2026-01-09","22:05:41","@BolsonaroSP https://t.co/LrJcYZQShe",1,36,2,0,1,0,0,"",0.08893736451864243,0.8671140670776367,0.04394860565662384,"neutro"
"MSantos67879","2026-01-09","22:02:55","@BolsonaroSP Deus abençoe a todos da Venezuela parabéns 👏👏 pela vitória",0,71,11,2,1,1,0,"",0.9719375967979431,0.024480760097503662,0.0035815834999084473,"positivo"
"ArkMikhael","2026-01-09","22:02:09","@BolsonaroSP Esses abraços ainda serão brasileiros. EU CREIO.",0,61,8,0,1,0,0,"",0.8535736203193665,0.13515916466712952,0.011267219670116901,"positivo"
"ValentimSuzart","2026-01-09","21:51:06","@BolsonaroSP Isso que a Globo é o Governo devem mostrar com a queda de Maduro, a esperança do povo e a justiça sendo feita! Obrigado @realDonaldTrump",0,149,26,0,2,0,0,"",0.8052754402160645,0.15355591475963593,0.04116864502429962,"positivo"
"Ruan2234_","2026-01-09","21:45:09","@BernadetteWalq @BolsonaroSP idolatria",0,38,3,0,2,0,0,"",0.04726596549153328,0.8303031325340271,0.12243089079856873,"neutro"
"MiguelAndr83125","2026-01-09","21:39:46","@BolsonaroSP Trump Favor replicar este ação para o Brasil .",0,59,10,0,1,0,0,"",0.09473524242639542,0.8597818613052368,0.04548295587301254,"neutro"
"MarciaCost16139","2026-01-09","21:33:11","@BolsonaroSP Falta o psicopata ser preso",0,40,6,0,1,0,0,"",0.009437750093638897,0.07049766182899475,0.9200645685195923,"negativo"
"macielpsn459","2026-01-09","21:30:45","@BolsonaroSP bem esse método poderia ser aplicado no ditador do stf.",0,68,11,0,1,0,0,"",0.10799340903759003,0.5249059200286865,0.36710065603256226,"neutro"
"c_melhores","2026-01-09","21:28:01","@BolsonaroSP Na Venezuela estão soltando os perseguidos políticos para abrir vagas para os verdadeiros bandidos.",0,112,15,0,1,0,0,"",0.025408504530787468,0.4514113962650299,0.5231800675392151,"negativo"
"Claudia68894952","2026-01-09","21:25:46","@BolsonaroSP Deus abençoe!!!",0,28,3,0,1,0,0,"",0.9376345276832581,0.05779997259378433,0.004565540235489607,"positivo"
"AWillian762","2026-01-09","21:24:12","@BolsonaroSP @Zpaess06 Esperando o dia em que o Brasil viverá isso! Será que terá que haver intervenção externa pra isso? Não tem no Brasil autoridade competente, só idiotas falastrões ou bajuladores do cabeça de ovo?",0,217,35,0,2,0,0,"",0.016244981437921524,0.0923520177602768,0.8914029598236084,"negativo"
"Belizario76","2026-01-09","21:19:20","@BolsonaroSP Que o Brasil faço isso com.os inocentes de 8/1",0,59,10,0,1,0,0,"",0.039810437709093094,0.8646488785743713,0.09554067254066467,"neutro"
"ADApalpita","2026-01-09","21:15:14","@BolsonaroSP Vossa Xandidade, se ligue viu?",0,43,6,0,1,0,0,"",0.06745155155658722,0.880911111831665,0.051637377589941025,"neutro"
"ilkaFernandes4","2026-01-09","21:10:20","@BolsonaroSP 🤣🤣",0,15,2,2,1,0,0,"",0.7204362154006958,0.21833591163158417,0.06122787296772003,"positivo"
"rodolfoZB","2026-01-09","21:06:38","@BolsonaroSP Difícil... Cenas, nos ensinaram, que jamais veríamos, ""coisa da ditadura militar"", ""coisa de bárbaros"", ""coisas do passado"". E está tudo aí novamente. Homo homini lupus, essa é a verdade.",0,200,30,0,1,0,0,"",0.0200387891381979,0.22486551105976105,0.7550956010818481,"negativo"
"OliviaMontezano","2026-01-09","21:05:57","@BolsonaroSP 🇨🇴🇨🇴🇨🇴🇨🇴🇨🇴🇨🇴🇨🇴👊👍🙏",0,30,2,10,1,0,0,"",0.46413013339042664,0.5044829249382019,0.03138694167137146,"neutro"
"grok","2026-01-09","20:52:00","@xandaosarcastic @BolsonaroSP De acordo com fontes como BBC, CNN e Foro Penal, estima-se que havia cerca de 800-1.000 presos políticos na Venezuela antes da prisão de Maduro em 3/1/2026. Após o evento, o governo interino anunciou libertações, mas ONGs verificaram apenas 5-11 casos até agora, incluindo a",0,304,47,0,2,0,0,"",0.030736029148101807,0.8660050630569458,0.10325895249843597,"neutro"
"xandaosarcastic","2026-01-09","20:50:55","@grok @BolsonaroSP Presos políticos? Pode me dar mais informações.",0,66,9,0,2,0,0,"",0.012967312708497047,0.8459823727607727,0.1410502940416336,"neutro"
"phrodrigues_87","2026-01-09","20:42:44","@stellacstmo @BolsonaroSP @LulaOficial Não é ego, é pq sua condição intelectual é tão baixa, que gente normal parece estar sendo soberbo, falando do básico. Mas é normal. Não é por acaso que vcs conseguem ser ludibriados por um semianalfabeto. Mas tem conserto, tá... Conhecimento liberta.",0,289,45,0,3,0,0,"",0.031085878610610962,0.07209590077400208,0.8968183398246765,"negativo"
"phrodrigues_87","2026-01-09","20:41:34","@stellacstmo @BolsonaroSP @LulaOficial @FlavioBolsonaro @CarlosBolsonaro @Mi_Bolsonaro @jairbolsonaro Sabe nem o q significa. kkk",0,129,13,0,7,0,0,"",0.012314626015722752,0.1113198921084404,0.8763654828071594,"negativo"
"KaduraJose70251","2026-01-09","20:41:18","@BolsonaroSP Deus abençoe essas pessoas e conforte seus corações por tudo que passaram. Esperando que isso aconteça em nosso país um dia. Depois da noite escura sempre vem o Sol 🙏🏼",0,180,31,1,1,0,0,"",0.9687626957893372,0.025581523776054382,0.005655810236930847,"positivo"
"geraldo51zjr","2026-01-09","20:40:20","@BolsonaroSP Aqui no Brasil vai ser assim também. 😀😀❤️🇧🇷",0,56,9,4,1,0,0,"",0.48770421743392944,0.4767209589481354,0.03557490557432175,"positivo"
"Ercimor","2026-01-09","20:35:42","@BolsonaroSP 🙏🏻🙏🏻❤️",0,19,2,3,1,0,0,"",0.49662065505981445,0.46826934814453125,0.035109929740428925,"positivo"
"grok","2026-01-09","20:35:24","@xandaosarcastic @BolsonaroSP O vídeo mostra momentos emocionantes de presos políticos sendo libertados na Venezuela, com reencontros familiares e multidões. Isso ocorreu após a captura de Nicolás Maduro por forças dos EUA em 3 de janeiro de 2026, levando o governo interino a liberar opositores como gesto de",0,309,47,0,2,0,0,"",0.4868623912334442,0.48349273204803467,0.029644861817359924,"positivo"
"stellacstmo","2026-01-09","20:34:37","@phrodrigues_87 @BolsonaroSP @LulaOficial Hahahahhahaa as vezes é engraçadinho esse ego q vcs tem, super inflado…",0,113,15,0,3,1,0,"",0.8843837380409241,0.08172043412923813,0.03389584645628929,"positivo"
"xandaosarcastic","2026-01-09","20:34:29","@BolsonaroSP @grok qual o contexto do vídeo?",0,44,7,0,2,0,0,"",0.011128927581012249,0.892728865146637,0.09614217281341553,"neutro"
"Fredson777","2026-01-09","20:33:41","@BolsonaroSP Agora o povo trouxa relaxa e volta p casa p passar fome",0,68,13,0,1,0,0,"",0.01687915436923504,0.04960741847753525,0.9335134625434875,"negativo"
"stellacstmo","2026-01-09","20:33:23","@phrodrigues_87 @BolsonaroSP @LulaOficial @FlavioBolsonaro @CarlosBolsonaro @Mi_Bolsonaro @jairbolsonaro Idem.",0,110,8,0,7,0,0,"",0.8982231020927429,0.09723763912916183,0.004539242945611477,"positivo"
"DaisyRober1","2026-01-09","20:30:01","@BolsonaroSP 👇👇 https://t.co/OruXCDvjuU",1,39,3,2,1,0,0,"",0.20303469896316528,0.710638701915741,0.08632658421993256,"neutro"
"EliCarlos1977","2026-01-09","20:22:22","@BolsonaroSP Você ainda tá latindo?",0,35,5,0,1,0,0,"",0.030643675476312637,0.6010412573814392,0.368315190076828,"neutro"
"EdsonBa52566830","2026-01-09","20:12:36","@BolsonaroSP Parabéns para o Presidente Trump ! Agora está na hora do povo brasileiro !",0,87,15,0,1,0,0,"",0.843295156955719,0.14029599726200104,0.016408875584602356,"positivo"
"gqchaves","2026-01-09","20:11:09","@BolsonaroSP Meus Deus, que felicidade pelos venezuelanos!",0,58,7,0,1,0,0,"",0.9531522393226624,0.03891229256987572,0.007935457862913609,"positivo"
"kikirrr74","2026-01-09","20:09:29","@BolsonaroSP https://t.co/gi2YbScZqF",1,36,2,0,1,0,0,"",0.08893736451864243,0.8671140670776367,0.04394860565662384,"neutro"
"Alf80009Duncan","2026-01-09","20:06:48","@mariazinhaip @BolsonaroSP Espera 72 horas tá?",0,46,6,0,2,0,0,"",0.022240053862333298,0.8747867941856384,0.10297311097383499,"neutro"
"Alf80009Duncan","2026-01-09","20:05:22","@BolsonaroSP Mais uma fake antiga pra cacete pro GADO se vitimizar,além de traidor é mentiroso, você não passa de um RIDÍCULO.",0,126,21,0,1,0,0,"",0.0040444727055728436,0.010429345071315765,0.9855260848999023,"negativo"
"bcidreira","2026-01-09","20:03:36","@BolsonaroSP Está chegando informações dizendo que isso aí é propaganda do regime...",0,84,12,0,1,0,0,"",0.011356784962117672,0.8029462695121765,0.18569684028625488,"neutro"
"Rotasocial","2026-01-09","19:57:08","@BolsonaroSP @lucaspoleseES JESUS SEJA LOUVADO!!!! VAI CHEGAR PRA NÓS TAMBÉM!!!",0,79,10,0,2,0,0,"",0.7059264779090881,0.2759619355201721,0.018111588433384895,"positivo"
"JonasTavaresdo1","2026-01-09","19:55:05","@BolsonaroSP Graças e glórias a Deus!",0,37,6,0,1,0,0,"",0.9315107464790344,0.058263715356588364,0.010225571691989899,"positivo"
"MikroMouse1991","2026-01-09","19:54:32","@BolsonaroSP @oiluiz Pois é, mas isso que importa e me entristece profundamente!! https://t.co/hRvhFjTUpJ",1,105,13,0,2,0,0,"",0.024663666263222694,0.1577010303735733,0.8176352977752686,"negativo"
"nilzacossta","2026-01-09","19:54:14","@BolsonaroSP @maurarribeiro FALTA ALGUÉM COM CULHÃO NO SENADO , PARA PAUTAR O IMPEACHMENT DO DITADOR VIOLADOR DOS DIREITOS HUMANOS E DEPOIS JOGÁ-LO NA PAPUDA POR NO MÍNIMO 40 ANOS EM REGIME FECHADO!",0,198,32,0,2,0,0,"",0.006016900297254324,0.015682071447372437,0.9783009886741638,"negativo"
"phrodrigues_87","2026-01-09","19:53:07","@stellacstmo @BolsonaroSP @LulaOficial @FlavioBolsonaro @CarlosBolsonaro @Mi_Bolsonaro @jairbolsonaro Aí não brinca de ser burra não, hein? kk",0,142,16,0,7,0,0,"",0.003939109388738871,0.0161236934363842,0.9799372553825378,"negativo"
"phrodrigues_87","2026-01-09","19:52:34","@stellacstmo @BolsonaroSP @LulaOficial Só esqueceu de mencionar o lado dessas pessoas... E elas estão do lado do G. Dias. De que lado o G. Dias estava, caso seu tratamento esteja em dias e vc esteja lúcida?",0,206,36,0,3,0,0,"",0.029671939089894295,0.7352367639541626,0.23509132862091064,"neutro"
"GamesMaccoy","2026-01-09","19:46:25","@BolsonaroSP fake news o video e de 2024",0,40,8,0,1,0,0,"",0.008677567355334759,0.18789264559745789,0.8034298419952393,"negativo"
"Cassio75513704","2026-01-09","19:45:17","@BolsonaroSP Bom segundo os idiotas de esquerda ou petróleo da Venezuela serviu para algo nobre. Será que o Brasil tem algo de interessante para o Trump levar e libertar nossos grilhões",0,185,31,0,1,0,0,"",0.06280147284269333,0.6014930009841919,0.3357054889202118,"neutro"
"MarcosRigoni","2026-01-09","19:36:19","@BolsonaroSP @oiluiz Um bom exemplo á ser seguido",0,49,8,0,2,0,0,"",0.9892510771751404,0.00833604671061039,0.0024128237273544073,"positivo"
"HaneloreVoigt","2026-01-09","19:32:07","@BolsonaroSP @oiluiz Prisão para Moraes e lula",0,46,7,0,2,0,0,"",0.0470992773771286,0.7966212630271912,0.1562795788049698,"neutro"
"stellacstmo","2026-01-09","19:25:39","@edivaldobarreto @BolsonaroSP @LulaOficial Não me acho melhor que ninguém. Valor é subjetivo. O que eu não faço é normalizar hipocrisia, escândalos e uma postura política que jamais representou o país. O Brasil não é o quintal da família Bolsonaro. 🙄🤌🏻",0,252,40,2,3,1,0,"",0.024849772453308105,0.08286923915147781,0.8922810554504395,"negativo"
"VirtueWise90965","2026-01-09","19:20:45","@BolsonaroSP Mas Trump é do mal... Ele só quer o petróleo dessas pessoas, óbvio",0,79,14,0,1,0,0,"",0.03703002631664276,0.7688598036766052,0.19411015510559082,"neutro"
"deby_78","2026-01-09","19:18:05","@BolsonaroSP Glória a Deus",0,26,4,0,1,0,0,"",0.9288375973701477,0.0556488074362278,0.01551359798759222,"positivo"
"GerHerBer","2026-01-09","19:14:48","@BolsonaroSP Que assim seja no Brasil!",0,38,6,0,1,0,0,"",0.8900032043457031,0.10207650065422058,0.007920235395431519,"positivo"
"stellacstmo","2026-01-09","19:05:58","@phrodrigues_87 @BolsonaroSP @LulaOficial E sim. @BolsonaroSP @FlavioBolsonaro @CarlosBolsonaro @Mi_Bolsonaro e óbvio, @jairbolsonaro e toda sua trupe honrrenda NÃO VALEM NADA! Vivem as custas do dinheiro público desde sempre, sem nenhum projeto concreto e descente p população. Arquitetaram um golpe q c êxito 🤌🏻, enfim.",0,321,44,1,8,0,0,"",0.007483455818146467,0.020336711779236794,0.9721798300743103,"negativo"
"stellacstmo","2026-01-09","19:02:26","@phrodrigues_87 @BolsonaroSP @LulaOficial Não senhor. Risco são os que foram como animais selvagens, loucos, alienados, ameaçaram, coagiram policiais, agrediram, destruíram bens públicos, como psicopatas (como vc bem disse)… Um rivotrilzinho teria controlado. Uma ameaça a sociedade um pessoal com tal comportamento.",0,316,41,0,3,1,0,"",0.011318478733301163,0.041042082011699677,0.9476394653320312,"negativo"
"stellacstmo","2026-01-09","18:59:01","@divinadomares @BolsonaroSP @LulaOficial https://t.co/AdSD7nWNn6",1,64,4,0,3,0,0,"",0.05683412030339241,0.9249245524406433,0.018241360783576965,"neutro"
"misticovidente","2026-01-09","18:55:28","@BolsonaroSP Cadê o nikolas ferreira com aquele discurso que interferência externa não resolve?",0,95,13,0,1,0,0,"",0.004344784189015627,0.09891744703054428,0.8967376947402954,"negativo"
"CameloEvel80402","2026-01-09","18:54:43","@BolsonaroSP Como é deliciosa a sensação de ⚖️ Justiça. O que o vídeo a seguir tem a dizer sobre isso? https://t.co/aSHrCDdYNj",1,126,21,1,1,0,0,"",0.9445705413818359,0.04744827002286911,0.007981237955391407,"positivo"
"Sandra67898629","2026-01-09","18:51:49","@BolsonaroSP @gwkywivpzdfsIqr ""O efeito da justiça será a paz"" Isaías 32:17",0,75,11,0,2,0,0,"",0.0760854035615921,0.9039912223815918,0.019923429936170578,"neutro"
"renatolima007","2026-01-09","18:48:40","@BolsonaroSP 🙏",0,14,2,1,1,0,0,"",0.3714951276779175,0.6014847755432129,0.027020147070288658,"neutro"
